,CCNumber,CrimeCode,Description,Inside_Outside,Weapon,Location,Old_District,Neighborhood,Day sin,Day cos,Year sin,Year cos,Latitude,Longitude
2024-05-11 23:00:00,363687.47,54.500034,5.6537647,0.0,23.0,10678.172,2.26632,121.43089,-0.052860085,0.6094931,0.77958214,-0.611912,39.307762,-76.620804
2024-05-12 00:00:00,363487.94,54.5,5.6241407,0.0,23.046867,10625.6875,2.271655,122.94837,-0.05309488,0.52375287,0.77943224,-0.61275995,39.307114,-76.62218
2024-05-12 01:00:00,363682.06,55.0,5.6,0.0,23.375452,10771.168,2.1939154,122.80985,-0.07039587,0.40120202,0.77925,-0.6136305,39.30729,-76.62188
2024-05-12 02:00:00,360680.1,55.076256,5.6147633,0.0,23.096493,10660.017,2.3472717,122.71973,-0.11749153,0.2996194,0.77906257,-0.6144538,39.307686,-76.62282
2024-05-12 03:00:00,361602.97,54.658726,5.6378136,0.0,23.025562,10716.501,2.2593808,125.199524,-0.18481219,0.16744378,0.77890843,-0.61526144,39.30701,-76.62235
2024-05-12 04:00:00,361151.66,54.8666,5.7068815,0.0,23.0,11068.105,1.8909271,123.2129,-0.27912015,0.09691166,0.7787757,-0.61611414,39.307518,-76.62191
2024-05-12 05:00:00,360655.8,55.26114,5.8,0.0,23.058998,10815.562,2.2595594,122.80337,-0.38050285,0.07003013,0.7786249,-0.6169434,39.306934,-76.62139
2024-05-12 06:00:00,357800.7,55.0,5.7350984,0.0,23.005293,10852.313,2.7101557,124.66322,-0.4855528,0.070014186,0.7784942,-0.6177951,39.30733,-76.62265
2024-05-12 07:00:00,361007.53,54.803032,5.8,0.0,23.0,10706.541,2.3384795,122.3567,-0.5898981,0.09682966,0.7783649,-0.6184241,39.307056,-76.62339
2024-05-12 08:00:00,360332.06,55.0,5.847236,0.0,23.196005,10801.557,2.2434516,123.94526,-0.6834423,0.15480886,0.7782131,-0.61898136,39.307217,-76.623116
2024-05-12 09:00:00,358258.75,54.665802,5.8233275,0.0,23.0,10817.784,2.5962372,122.92649,-0.7595433,0.2838205,0.7780583,-0.6194873,39.30657,-76.62268
2024-05-12 10:00:00,358139.72,54.80097,5.9907913,0.0,23.0,10721.594,2.8185759,124.183334,-0.8112324,0.38245016,0.7778711,-0.62005275,39.307293,-76.62326
2024-05-12 11:00:00,356272.9,54.666668,5.8516197,0.0,23.0,10697.58,2.656451,120.738235,-0.83297163,0.50264084,0.77768785,-0.6206104,39.30723,-76.62327
2024-05-12 12:00:00,353391.4,54.16742,5.7964506,0.0,23.0,10868.273,2.71036,122.94158,-0.83913004,0.5920977,0.7775082,-0.6211565,39.30694,-76.623055
2024-05-12 13:00:00,351984.97,54.185802,5.8798766,0.0,23.0,10752.949,2.7212539,124.2451,-0.8236702,0.6742468,0.7773554,-0.6217008,39.306923,-76.62306
2024-05-12 14:00:00,354940.3,54.136242,5.8,0.0,23.0,10747.314,2.2665982,119.54184,-0.7846951,0.75654495,0.77716947,-0.62223905,39.306797,-76.62221
2024-05-12 15:00:00,350170.2,54.090736,5.9124656,0.0,22.999985,10678.702,2.7716203,122.76624,-0.70960885,0.79939747,0.77699053,-0.6227077,39.30644,-76.62261
2024-05-12 16:00:00,348921.88,54.208336,5.7173476,0.0,23.0,10831.252,2.706326,121.995544,-0.6148691,0.83847016,0.776805,-0.62314034,39.306194,-76.62201
2024-05-12 17:00:00,345026.5,53.84186,5.6666665,0.0,23.0,10598.809,2.7668154,121.27234,-0.4977805,0.8637749,0.77664965,-0.6236223,39.306206,-76.62348
2024-05-12 18:00:00,347386.1,54.0,5.713854,0.0,23.0,10758.186,2.6286697,123.55515,-0.38447708,0.86683345,0.77650535,-0.6241241,39.306705,-76.62199
2024-05-12 19:00:00,344378.12,54.0,5.6696725,0.0,23.0,10649.926,2.372474,122.24846,-0.26235983,0.8542053,0.77637196,-0.6247935,39.30713,-76.62249
2024-05-12 20:00:00,343708.84,54.253857,5.7030306,0.0,23.0,10750.405,2.6394963,123.08659,-0.17364718,0.81630236,0.77621293,-0.625422,39.3064,-76.6224
2024-05-12 21:00:00,342162.88,54.144638,5.75,0.0,23.0,10855.413,2.736539,120.75753,-0.10143442,0.7708642,0.77603,-0.6260719,39.307114,-76.62353
2024-05-12 22:00:00,342434.16,53.751366,5.6008434,0.0,23.0,10980.895,2.721067,122.05061,-0.05505494,0.70710677,0.7758053,-0.62675697,39.30654,-76.62237
2024-05-12 23:00:00,342252.44,54.080406,5.75,0.0,23.0,10857.279,2.7239647,123.0562,-0.03112331,0.61580795,0.7755401,-0.627632,39.30689,-76.6228
2024-05-13 00:00:00,340906.0,54.1322,5.7406907,0.0,23.0,10748.776,2.638065,123.11424,-0.030146472,0.5346667,0.7753093,-0.62852496,39.30698,-76.62305
2024-05-13 01:00:00,340461.16,54.364697,5.7209907,0.0,23.0,10849.022,2.3947802,120.59087,-0.053457554,0.42034492,0.7750951,-0.62941706,39.3066,-76.62408
2024-05-13 02:00:00,343101.84,54.98291,5.8,0.0,23.07383,10628.532,2.2919364,121.79577,-0.092580125,0.31249362,0.7748522,-0.63043725,39.30687,-76.62413
2024-05-13 03:00:00,341153.7,54.841904,5.75,0.0,23.066643,10645.989,2.6240396,124.20504,-0.1636422,0.18771265,0.7746015,-0.6315778,39.306416,-76.6234
2024-05-13 04:00:00,340427.03,54.271027,5.8870068,0.0,23.252806,10673.764,2.964673,121.54136,-0.24988128,0.10979223,0.77433014,-0.6327382,39.306896,-76.62458
2024-05-13 05:00:00,339505.22,55.220055,5.916487,0.0,23.116083,10825.332,2.3075128,121.404335,-0.35474786,0.08038907,0.77404106,-0.63384235,39.30723,-76.62365
2024-05-13 06:00:00,339540.88,55.0,6.0,0.0,23.551722,10555.913,2.690627,124.270355,-0.4610379,0.08109521,0.7737754,-0.6342546,39.306545,-76.62295
2024-05-13 07:00:00,339335.4,54.91296,5.9376655,0.0,23.0,10481.106,2.9701314,121.00037,-0.5635943,0.10808505,0.7734996,-0.63463116,39.30595,-76.62437
2024-05-13 08:00:00,339816.06,54.686916,5.8960633,0.0,23.0,10753.353,2.6230843,123.72841,-0.6595665,0.16791964,0.77323526,-0.63498175,39.306507,-76.62353
2024-05-13 09:00:00,338010.7,54.851242,5.855329,0.0,23.456478,10888.712,2.6401103,123.31055,-0.7377142,0.29886904,0.77295923,-0.635408,39.30656,-76.62325
2024-05-13 10:00:00,336061.56,54.0,6.0,0.0,23.0,10689.376,2.6677487,122.03457,-0.7901048,0.39393649,0.77266675,-0.63589716,39.306713,-76.62291
2024-05-13 11:00:00,334235.1,54.34296,5.961267,0.0,23.0,10857.663,2.633126,122.02033,-0.81234455,0.5194463,0.7724192,-0.6363675,39.306854,-76.623116
2024-05-13 12:00:00,329555.22,54.0,5.86276,0.0,23.0,10931.615,2.7526515,121.55162,-0.81836945,0.6047621,0.7720874,-0.63680905,39.30663,-76.62352
2024-05-13 13:00:00,334682.56,54.02232,6.0,0.0,23.0,10561.389,2.9617984,121.561584,-0.804264,0.6865814,0.7717332,-0.6375031,39.30638,-76.62303
2024-05-13 14:00:00,333196.47,53.64222,5.9649177,0.0,23.0,10626.329,2.8354807,121.47728,-0.7578149,0.7611243,0.7713624,-0.6382559,39.30631,-76.6229
2024-05-13 15:00:00,333253.1,54.0,6.0,0.0,23.0,10687.567,2.9727595,121.38273,-0.68320453,0.8098883,0.7710572,-0.6390367,39.305935,-76.622604
2024-05-13 16:00:00,331376.78,54.0,6.0,0.0,23.0,10789.516,2.805691,121.82387,-0.5919312,0.85533035,0.77081335,-0.63981944,39.306503,-76.62303
2024-05-13 17:00:00,328179.06,54.326527,6.0,0.0,23.0,10632.547,2.9681199,120.6861,-0.47697192,0.87336695,0.7705322,-0.6412159,39.30573,-76.62256
2024-05-13 18:00:00,330930.34,54.0,5.9437227,0.0,23.0,10585.218,2.9639127,123.63182,-0.3626083,0.87739646,0.77026135,-0.64257777,39.306118,-76.622856
2024-05-13 19:00:00,330782.34,54.28501,5.8006754,0.0,23.0,10583.45,2.9942758,124.852165,-0.2509299,0.86564326,0.77000034,-0.64397234,39.305992,-76.62342
2024-05-13 20:00:00,328664.62,53.937824,6.0,0.0,23.0,10563.455,3.002354,124.242714,-0.16209264,0.82981473,0.76971203,-0.645101,39.30549,-76.62276
2024-05-13 21:00:00,328242.38,53.835304,5.901578,0.0,23.0,10839.22,2.9408638,123.392685,-0.08725147,0.7802426,0.7694372,-0.6457886,39.306572,-76.62331
2024-05-13 22:00:00,328872.72,54.143536,5.9403358,0.0,23.0,10531.564,2.977994,122.01804,-0.040199608,0.71867836,0.769152,-0.6464741,39.30621,-76.623825
2024-05-13 23:00:00,330593.9,54.25002,5.7232695,0.0,23.0,10637.765,2.9635804,124.78844,-0.01717454,0.6358823,0.7689112,-0.64718115,39.306202,-76.62412
2024-05-14 00:00:00,329953.22,54.0,6.0,0.0,23.0,10773.163,3.0,122.10552,-0.018224778,0.5489563,0.7686063,-0.647637,39.305477,-76.62386
2024-05-14 01:00:00,329619.44,54.193893,5.842077,0.0,23.070425,10742.866,3.0,123.7822,-0.036300883,0.43686214,0.76831496,-0.64804095,39.305466,-76.624344
2024-05-14 02:00:00,328765.0,54.0,6.0,0.0,23.0,10727.701,2.9553754,121.36533,-0.076235525,0.32745615,0.7680873,-0.64842385,39.305756,-76.62452
2024-05-14 03:00:00,329482.9,54.344128,6.0,0.0,23.198082,10645.416,2.978506,122.48746,-0.15534596,0.20131417,0.7679961,-0.6488742,39.305794,-76.62342
2024-05-14 04:00:00,325014.88,55.0,6.0,0.0,23.534578,10502.687,2.9661634,122.92154,-0.23173478,0.1242762,0.7678987,-0.649626,39.305843,-76.623245
2024-05-14 05:00:00,326098.94,54.973053,6.0,0.0,23.47587,10543.614,2.988054,124.51914,-0.33688256,0.09218716,0.7678106,-0.6503178,39.306274,-76.623474
2024-05-14 06:00:00,327677.7,55.0,5.9491067,0.0,23.74509,10685.547,2.9737186,122.391945,-0.4363836,0.09232541,0.76771975,-0.65106225,39.305943,-76.62577
2024-05-14 07:00:00,325810.9,55.23444,6.0,0.0,23.078587,10522.799,2.9637926,121.05057,-0.5469667,0.12512645,0.76761657,-0.6517268,39.306293,-76.62557
2024-05-14 08:00:00,327873.22,54.564648,6.0,0.0,23.0,10309.029,2.9966116,121.684395,-0.643095,0.19416286,0.7675052,-0.6523536,39.305714,-76.62492
2024-05-14 09:00:00,322795.97,54.90651,6.049757,0.0,23.75333,10747.689,2.966304,121.66311,-0.7171495,0.31827936,0.76740146,-0.6530254,39.306267,-76.624016
2024-05-14 10:00:00,324869.4,54.666668,6.0,0.0,23.0,10499.188,2.9670975,122.94886,-0.77049804,0.4225657,0.76710176,-0.65363204,39.305294,-76.62406
2024-05-14 11:00:00,323789.97,54.022694,6.0,0.0,23.007374,10719.579,3.0,123.11919,-0.7951589,0.5335673,0.7667292,-0.654089,39.306263,-76.62434
2024-05-14 12:00:00,323416.78,54.227737,6.0,0.0,23.0,10786.984,2.9658136,122.08382,-0.79919624,0.6205753,0.7663891,-0.65443647,39.306114,-76.62329
2024-05-14 13:00:00,320364.94,53.78246,6.0,0.0,23.0,10708.3545,3.0011158,124.27946,-0.7798865,0.70699716,0.7660866,-0.6547864,39.305115,-76.6241
2024-05-14 14:00:00,323483.0,53.742146,6.0,0.0,23.0,10755.515,3.0003967,122.91635,-0.7428671,0.77256304,0.7657649,-0.65512085,39.306084,-76.624405
2024-05-14 15:00:00,323622.75,53.75,6.0,0.0,23.0,10451.805,3.0945265,123.97131,-0.658738,0.8274863,0.7654195,-0.65568167,39.306206,-76.624344
2024-05-14 16:00:00,321170.44,53.798714,6.0,0.0,23.0,10677.917,3.1036906,121.78571,-0.56605846,0.87069196,0.7650438,-0.6563788,39.30518,-76.62411
2024-05-14 17:00:00,320906.0,54.0,6.0,0.0,23.0,10567.961,3.0553946,120.794395,-0.44821575,0.8895657,0.7647174,-0.6570791,39.305626,-76.62324
2024-05-14 18:00:00,322498.6,53.870094,6.0,0.0,23.0,10310.645,3.019652,122.42662,-0.33964232,0.8952932,0.7644316,-0.6578166,39.305775,-76.62447
2024-05-14 19:00:00,323030.44,53.652725,6.0,0.0,23.0,10508.759,3.1286492,121.97603,-0.22852367,0.8825545,0.7641306,-0.6583635,39.30496,-76.622986
2024-05-14 20:00:00,320808.0,53.77179,5.801096,0.0,23.0,10555.185,3.2032435,121.05104,-0.13902345,0.8575211,0.76377124,-0.6588547,39.305515,-76.62417
2024-05-14 21:00:00,319916.53,53.5,5.8977365,0.0,23.0,10303.673,3.0,120.67831,-0.06286081,0.79794693,0.7634171,-0.6593898,39.30584,-76.623726
2024-05-14 22:00:00,321488.25,54.0,5.991369,0.0,23.0,10463.023,3.1258647,120.548065,-0.013893882,0.74503446,0.76309484,-0.6599022,39.305073,-76.62346
2024-05-14 23:00:00,319906.6,53.75,5.980723,0.0,23.101368,10447.024,3.0,120.797745,-0.0013406049,0.6587986,0.76272947,-0.66029674,39.30516,-76.6241
2024-05-15 00:00:00,320632.97,53.751328,6.0,0.0,23.044075,10481.274,3.0028315,121.82229,-0.0013119571,0.57351846,0.7623688,-0.6606763,39.30565,-76.62357
2024-05-15 01:00:00,317145.56,54.314682,5.8950205,0.0,23.19479,10442.788,3.0937133,121.94451,-0.00817683,0.49708715,0.7619857,-0.6610367,39.305286,-76.623825
2024-05-15 02:00:00,320364.62,54.430424,6.0,0.0,23.78848,10401.939,3.1820397,123.15766,-0.049855653,0.35305163,0.76159495,-0.66142535,39.305527,-76.6255
2024-05-15 03:00:00,319794.8,54.31159,6.0,0.0,108.48488,10540.95,3.0291386,121.99019,-0.11824292,0.26336315,0.7612774,-0.6622296,39.305023,-76.62476
2024-05-15 04:00:00,316319.03,54.531353,6.0,0.0,23.719646,10359.034,3.1940165,122.772316,-0.19829348,0.16602948,0.76109415,-0.66305053,39.304745,-76.62455
2024-05-15 05:00:00,318684.3,54.50005,6.056413,0.0,29.262152,10282.032,3.0195405,123.73001,-0.2992241,0.12554471,0.76091707,-0.6639752,39.305454,-76.62428
2024-05-15 06:00:00,313405.28,54.666668,6.0,0.0,23.54428,10511.802,3.0010276,121.494026,-0.4024848,0.12633969,0.7607347,-0.6648373,39.30545,-76.62564
2024-05-15 07:00:00,314211.72,54.28802,6.2072525,0.0,23.276892,10455.129,3.2565098,122.457115,-0.5002153,0.16374409,0.76053286,-0.6654478,39.30479,-76.625374
2024-05-15 08:00:00,313343.25,54.0,6.0,0.0,23.495806,10251.183,3.0,121.6071,-0.6046308,0.25826496,0.7603601,-0.66598934,39.305782,-76.624626
2024-05-15 09:00:00,311678.78,54.17364,6.010618,0.0,23.05797,10412.45,3.1179965,119.46737,-0.67747533,0.34385198,0.760207,-0.66652405,39.305298,-76.62479
2024-05-15 10:00:00,312774.53,54.0,6.174795,0.0,23.009323,10321.021,3.1165905,122.19559,-0.73548156,0.45867187,0.7600484,-0.6669981,39.30512,-76.62487
2024-05-15 11:00:00,310487.7,54.06066,6.1462197,0.0,23.021597,10679.666,3.2188728,122.252785,-0.75883704,0.55646545,0.75989616,-0.6674131,39.305283,-76.62575
2024-05-15 12:00:00,309159.6,53.75,6.110029,0.0,23.0,10271.982,3.0577798,121.23803,-0.7587208,0.6431173,0.75973713,-0.66783,39.305843,-76.623795
2024-05-15 13:00:00,311633.38,53.585197,6.0023994,0.0,23.0,10424.203,3.3750625,123.44753,-0.7468906,0.7300835,0.7595725,-0.668272,39.305218,-76.625404
2024-05-15 14:00:00,309381.25,53.75,6.277887,0.0,23.0,10526.14,3.5298934,120.355644,-0.7043283,0.7881384,0.7594009,-0.66869646,39.304058,-76.626724
2024-05-15 15:00:00,309714.7,53.562603,6.1377954,0.0,23.0,10259.974,3.517868,122.588455,-0.62769884,0.8486866,0.75922585,-0.6690766,39.304016,-76.62483
2024-05-15 16:00:00,308844.6,53.32828,6.2898355,0.0,23.0,10567.081,3.3333333,121.691414,-0.5238614,0.8849556,0.75904816,-0.6694239,39.30436,-76.62513
2024-05-15 17:00:00,308893.62,53.0,6.0,0.0,23.0,10347.597,3.411625,120.56291,-0.41507035,0.8998747,0.75889105,-0.6697767,39.30433,-76.62483
2024-05-15 18:00:00,310166.78,53.20015,6.0,0.0,23.0,10400.442,3.5345826,122.47464,-0.30409637,0.9037384,0.75870574,-0.67013055,39.303967,-76.62455
2024-05-15 19:00:00,308818.75,53.328094,6.0,0.0,23.0,10295.28,3.3914542,119.53294,-0.19412434,0.89283097,0.7585124,-0.67065006,39.304607,-76.62562
2024-05-15 20:00:00,308702.22,53.203144,6.0,0.0,23.0,10360.001,3.5440528,123.223694,-0.10519856,0.86635303,0.7583216,-0.6711783,39.30461,-76.62498
2024-05-15 21:00:00,308611.06,53.584827,6.0,0.0,23.0,10284.056,3.468595,122.50238,-0.032758236,0.81141347,0.7581496,-0.6716887,39.30438,-76.62328
2024-05-15 22:00:00,308618.75,53.66739,6.0,0.0,23.15868,10340.509,3.5243967,120.37342,-0.0007901711,0.7563624,0.75801545,-0.67222714,39.303524,-76.62412
2024-05-15 23:00:00,308620.72,53.477962,6.018443,0.0,23.183023,10245.754,3.3694282,121.40646,0.0013236506,0.66697973,0.75787085,-0.6726319,39.30475,-76.62494
2024-05-16 00:00:00,309105.6,53.533375,6.0891876,0.0,23.0,10115.794,3.3990278,122.86706,0.0015288357,0.5813618,0.75771886,-0.67300725,39.304573,-76.624855
2024-05-16 01:00:00,308329.4,53.830894,6.02933,0.0,23.042814,10220.317,3.53187,122.541016,1.0198958e-11,0.49853745,0.75760764,-0.6734111,39.3045,-76.625336
2024-05-16 02:00:00,308973.34,53.75,6.0,0.0,23.460646,10354.149,3.0160234,121.79775,-0.02161319,0.3608412,0.7574894,-0.6738105,39.304787,-76.62465
2024-05-16 03:00:00,310463.4,54.0,6.0,0.0,23.957548,10197.25,3.119307,122.619675,-0.08505904,0.26734835,0.757341,-0.6743789,39.30532,-76.62452
2024-05-16 04:00:00,309018.28,54.0,6.28605,0.0,23.350176,10259.459,3.565152,122.55106,-0.17146327,0.1660699,0.75720716,-0.6749964,39.304707,-76.62678
2024-05-16 05:00:00,308819.9,54.5,6.1923347,0.0,23.554184,10233.608,3.499707,121.75224,-0.26029164,0.1278028,0.7570586,-0.67560977,39.304855,-76.62563
2024-05-16 06:00:00,308583.25,54.363644,6.216732,0.0,23.554935,10143.493,3.342916,121.783966,-0.37470564,0.12514678,0.75683707,-0.6762434,39.303806,-76.62605
2024-05-16 07:00:00,307707.56,54.233883,6.316633,0.0,23.47603,10160.807,3.5228493,122.620186,-0.46936783,0.16429973,0.75664264,-0.67677253,39.3043,-76.62642
2024-05-16 08:00:00,305821.72,54.26457,6.450217,0.0,23.0,10303.891,3.199492,123.62341,-0.5717578,0.25828433,0.7564288,-0.67729163,39.30535,-76.62544
2024-05-16 09:00:00,307179.38,53.75,6.2839656,0.0,23.031677,10100.314,3.446144,121.87594,-0.64942133,0.3436589,0.75621426,-0.6777915,39.304386,-76.627075
2024-05-16 10:00:00,306861.1,54.003963,6.3759823,0.0,23.539774,10098.327,3.4888065,123.10702,-0.69811887,0.46277407,0.7559626,-0.67830414,39.303967,-76.62683
2024-05-16 11:00:00,307011.2,53.640167,6.399605,0.0,23.0,10177.699,3.4263427,123.16928,-0.721878,0.5571907,0.75570214,-0.6787605,39.304558,-76.625916
2024-05-16 12:00:00,306488.34,53.735924,6.25,0.0,23.0,10306.541,3.758996,121.67314,-0.72496754,0.645973,0.7554625,-0.67922634,39.303417,-76.627106
2024-05-16 13:00:00,305792.44,53.65491,6.5,0.0,23.0,10197.122,3.709636,124.719864,-0.7106008,0.73161566,0.7552069,-0.6796889,39.304146,-76.62613
2024-05-16 14:00:00,306454.6,53.759262,6.25,0.0,23.0,10169.854,3.8066194,123.497925,-0.6640717,0.7869578,0.7549476,-0.68014574,39.303955,-76.627144
2024-05-16 15:00:00,305117.9,53.0,6.3333335,0.0,23.0,10242.964,3.722666,122.982025,-0.5886606,0.8484421,0.75465906,-0.6806394,39.303734,-76.62676
2024-05-16 16:00:00,304551.3,53.5,6.25,0.0,23.0,10056.093,3.604974,123.226204,-0.48759472,0.8857217,0.75432885,-0.6811323,39.303402,-76.62625
2024-05-16 17:00:00,303310.75,53.333332,6.059969,0.0,23.0,10376.109,3.7659714,122.92944,-0.3804993,0.9024686,0.754042,-0.6816356,39.303967,-76.625725
2024-05-16 18:00:00,303533.66,53.598537,6.2499986,0.0,23.0,10151.499,3.7202213,121.010574,-0.25695723,0.90580064,0.75375897,-0.68207324,39.303474,-76.62531
2024-05-16 19:00:00,302601.03,53.5,6.05223,0.0,23.0,10270.864,3.6666667,123.061676,-0.16263685,0.89383256,0.75351447,-0.6824455,39.303085,-76.62548
2024-05-16 20:00:00,303738.8,53.5,6.0292773,0.0,23.0,10216.524,3.679801,121.46707,-0.067830116,0.8678596,0.7533199,-0.6828451,39.303295,-76.6246
2024-05-16 21:00:00,301464.25,53.390312,6.078052,0.0,23.0,10101.001,3.856268,121.622505,-0.0023487185,0.8080188,0.7531259,-0.6832357,39.303173,-76.626854
2024-05-16 22:00:00,301600.53,53.228657,6.0,0.0,23.15499,10173.631,3.8056848,122.68198,0.0020547586,0.75632346,0.75294095,-0.6839707,39.303905,-76.62543
2024-05-16 23:00:00,299976.03,53.333332,6.2024975,0.0,23.037537,10053.615,3.755035,123.082756,0.0035932001,0.66840345,0.75276345,-0.6847793,39.30298,-76.62578
2024-05-17 00:00:00,297972.28,53.5,6.209455,0.0,23.386171,10122.402,3.786753,121.00028,0.0036424058,0.5802449,0.75258476,-0.68558383,39.3029,-76.62528
2024-05-17 01:00:00,297741.66,53.75,6.269824,0.0,23.794073,10194.212,3.8917167,121.013954,0.0023698136,0.499915,0.75243026,-0.68640935,39.302544,-76.62647
2024-05-17 02:00:00,297555.84,53.8668,6.1213193,0.0,23.400774,10169.997,3.8056793,122.8459,-0.0011530071,0.3629877,0.7522749,-0.68708163,39.302876,-76.62668
2024-05-17 03:00:00,297136.88,53.634212,6.23928,0.0,23.556274,10181.425,3.6508827,123.97394,-0.053299285,0.2669111,0.7520632,-0.6877936,39.30306,-76.62658
2024-05-17 04:00:00,296032.0,53.76618,6.4554343,0.0,23.567654,10141.631,3.708081,122.99674,-0.13971761,0.16872334,0.75188535,-0.6884433,39.30325,-76.626816
2024-05-17 05:00:00,296047.9,54.16338,6.0,0.0,35.805058,10288.842,3.8545365,122.700966,-0.22009784,0.12749563,0.75170547,-0.6890378,39.303333,-76.62677
2024-05-17 06:00:00,296912.53,53.598576,6.277287,0.0,23.37274,10279.747,3.6696372,123.07326,-0.33197495,0.12447471,0.75151974,-0.68947107,39.303516,-76.62672
2024-05-17 07:00:00,296609.16,53.797306,6.4560413,0.0,23.53093,10250.082,4.0,123.72436,-0.4228339,0.16247779,0.7512941,-0.6898937,39.30273,-76.627174
2024-05-17 08:00:00,295945.66,53.87967,6.5843105,0.0,23.201624,10126.55,3.93116,124.07124,-0.5262181,0.2587767,0.75107557,-0.69033134,39.30224,-76.626724
2024-05-17 09:00:00,296204.22,53.679234,6.4328685,0.0,23.091122,10214.791,3.6666667,122.8185,-0.6102332,0.35195273,0.7508367,-0.69074506,39.303425,-76.626434
2024-05-17 10:00:00,295976.88,53.75,6.5,0.0,23.0,10196.051,3.7697093,122.965775,-0.65797716,0.4673392,0.7504828,-0.69111294,39.302895,-76.62657
2024-05-17 11:00:00,295069.97,53.333332,6.5,0.0,23.06608,10197.984,4.0010686,125.02237,-0.6876128,0.55730796,0.7500521,-0.691484,39.302387,-76.626915
2024-05-17 12:00:00,295635.84,53.561993,6.3995743,0.0,23.0,10229.01,3.9965527,125.0,-0.6932748,0.6474151,0.74958706,-0.69185877,39.301846,-76.62643
2024-05-17 13:00:00,295903.12,53.714622,6.507671,0.0,23.0,10082.808,3.9223523,122.50839,-0.6745642,0.7323428,0.74913627,-0.69227976,39.30218,-76.62609
2024-05-17 14:00:00,295735.47,53.087154,6.3798523,0.0,23.0,10148.437,3.804331,121.890594,-0.63461846,0.7909138,0.7486921,-0.6927681,39.303215,-76.62566
2024-05-17 15:00:00,295659.44,52.8148,6.7720532,0.0,23.0,10189.914,3.8008082,121.20949,-0.55402666,0.854869,0.7482868,-0.693258,39.303226,-76.62524
2024-05-17 16:00:00,294739.6,52.73793,6.5,0.0,23.0,10244.16,4.103233,124.48997,-0.44804314,0.887151,0.74799764,-0.6937205,39.302677,-76.62624
2024-05-17 17:00:00,296153.12,53.187748,6.329059,0.0,23.0,10113.7295,3.9829237,124.123314,-0.34795445,0.902848,0.74772274,-0.6941797,39.30329,-76.62585
2024-05-17 18:00:00,294862.78,52.82093,6.3333335,0.0,23.0,10053.753,4.1094966,121.71382,-0.22769845,0.9075589,0.7474479,-0.6944983,39.301823,-76.626625
2024-05-17 19:00:00,295074.62,53.0,6.3333335,0.0,23.0,10076.4795,4.0019517,124.306015,-0.13834593,0.8931163,0.74721414,-0.6948227,39.30152,-76.6264
2024-05-17 20:00:00,294919.78,53.0,6.288584,0.0,23.0,10210.368,4.047133,124.04405,-0.040667158,0.86735094,0.7469742,-0.69515014,39.30241,-76.62678
2024-05-17 21:00:00,295062.3,53.277718,6.146166,0.0,23.167099,10140.438,3.9316752,122.99222,3.996276e-05,0.81218284,0.7467504,-0.69548476,39.302,-76.62534
2024-05-17 22:00:00,295068.3,52.981407,6.2878013,0.0,23.307734,10093.384,3.8861341,121.96015,0.003640128,0.7568409,0.7464672,-0.6958733,39.302654,-76.626396
2024-05-17 23:00:00,294949.03,52.85433,6.3333335,0.0,23.24992,10012.207,4.0,121.014366,0.004977729,0.66722256,0.7461113,-0.69628507,39.302227,-76.62623
2024-05-18 00:00:00,295404.8,53.268177,6.3333335,0.0,23.428944,10053.297,4.0892425,122.525566,0.0049465355,0.57880497,0.74573153,-0.69666064,39.301926,-76.62721
2024-05-18 01:00:00,295536.44,53.75,6.2896547,0.0,23.545128,10104.224,4.0,125.0,0.0037600112,0.49677056,0.7454186,-0.6970523,39.302063,-76.62722
2024-05-18 02:00:00,295021.0,53.40502,6.46722,0.0,23.414625,9919.357,4.0,123.92707,0.00081078673,0.36002705,0.74508333,-0.6976387,39.30249,-76.62583
2024-05-18 03:00:00,294382.34,53.5,6.464197,0.0,23.814003,10030.073,4.003373,122.79038,-0.03013698,0.26122466,0.7447665,-0.6982911,39.302048,-76.626656
2024-05-18 04:00:00,294273.4,53.233177,6.2,0.0,23.99653,9991.937,4.0728407,121.59339,-0.11398659,0.16712408,0.7444274,-0.6989218,39.301907,-76.62666
2024-05-18 05:00:00,293820.84,53.5,6.5,0.0,23.799025,10045.2705,4.0,123.08141,-0.19459674,0.1262028,0.7440692,-0.6995849,39.30237,-76.626465
2024-05-18 06:00:00,294205.34,53.595856,6.3786607,0.0,26.111185,9973.012,4.1275616,122.87644,-0.3038737,0.12541555,0.7437647,-0.70021063,39.302322,-76.62694
2024-05-18 07:00:00,294035.7,53.54692,6.760689,0.0,23.444073,10127.172,3.8736157,124.47178,-0.4018274,0.16458218,0.74348515,-0.70081145,39.30332,-76.62716
2024-05-18 08:00:00,293652.47,53.5,6.5,0.0,23.260765,10092.142,4.201735,127.041504,-0.49851096,0.25854263,0.7431962,-0.7013859,39.30187,-76.62783
2024-05-18 09:00:00,293200.22,53.887337,6.5306864,0.0,23.851994,9966.1875,4.153689,124.61586,-0.5810306,0.34637353,0.7429392,-0.70195323,39.30192,-76.627045
2024-05-18 10:00:00,293862.7,53.817425,6.347422,0.0,23.810764,9992.824,4.0,123.98477,-0.6340482,0.4642919,0.7426906,-0.70248854,39.30201,-76.62671
2024-05-18 11:00:00,293108.28,53.47423,6.5,0.0,23.020567,10060.601,4.2001467,124.16071,-0.658557,0.5569243,0.74241775,-0.7029947,39.301674,-76.62622
2024-05-18 12:00:00,292860.0,53.22709,6.4418306,0.0,23.0,9999.332,4.25,124.22638,-0.66821367,0.6473859,0.7421146,-0.70350224,39.3019,-76.62754
2024-05-18 13:00:00,292588.34,53.0,6.512491,0.0,23.021957,9994.336,4.3333335,124.32725,-0.6530352,0.7318887,0.7418832,-0.7040135,39.301186,-76.625916
2024-05-18 14:00:00,291838.25,52.46601,6.7968054,0.0,23.0,10110.666,4.3333335,124.45305,-0.6097545,0.7883683,0.741661,-0.7044518,39.301865,-76.6263
2024-05-18 15:00:00,291951.34,52.772953,6.6017942,0.0,23.0,9921.481,4.0,123.643295,-0.52513313,0.8535692,0.7414438,-0.7049027,39.300972,-76.62633
2024-05-18 16:00:00,291342.8,52.790833,6.5,0.0,23.0,9956.448,4.358398,125.84606,-0.4279101,0.8880396,0.7412262,-0.7053579,39.30053,-76.62742
2024-05-18 17:00:00,291047.84,53.0,6.5,0.0,23.007038,10116.241,4.25,123.178505,-0.32528064,0.9041101,0.7410149,-0.7058151,39.30187,-76.626564
2024-05-18 18:00:00,290764.66,52.62703,6.5,0.0,23.0,10001.716,4.0924463,121.97476,-0.20734313,0.90668386,0.7408122,-0.7062043,39.301517,-76.62566
2024-05-18 19:00:00,291213.8,52.717636,6.5370913,0.0,23.102234,9984.054,4.1435566,122.9481,-0.1137304,0.8953455,0.7405663,-0.70655,39.301907,-76.62644
2024-05-18 20:00:00,290912.7,52.964535,6.394741,0.0,23.07105,9970.838,4.2570734,123.603905,-0.02268468,0.8672546,0.7402249,-0.70689744,39.301144,-76.62687
2024-05-18 21:00:00,290567.84,52.755016,6.5645995,0.0,23.0,9863.077,4.3531866,125.0,0.0020227155,0.8071033,0.73990005,-0.7072419,39.300976,-76.625626
2024-05-18 22:00:00,290158.62,52.5296,6.422527,0.0,23.0,10083.3545,4.25,122.921745,0.004800768,0.75210166,0.7395995,-0.7075949,39.30105,-76.62625
2024-05-18 23:00:00,290484.38,53.0,6.427267,0.0,23.00342,9857.362,4.330199,124.12019,0.0058255447,0.66538453,0.73929113,-0.707951,39.300873,-76.62688
2024-05-19 00:00:00,290107.3,52.763622,6.5,0.0,23.0,9953.893,4.057436,123.4084,0.0059008617,0.5750578,0.7390036,-0.70831895,39.300808,-76.62705
2024-05-19 01:00:00,289472.16,52.96448,6.4135523,0.0,23.0,9827.201,4.2399077,124.657906,0.004905522,0.4911847,0.73866516,-0.7087134,39.300747,-76.62504
2024-05-19 02:00:00,289302.12,53.617893,6.3333335,0.0,23.75963,9965.922,4.1696024,124.70027,0.002620501,0.35405472,0.7382821,-0.7090333,39.301613,-76.627716
2024-05-19 03:00:00,289842.0,53.20019,6.426407,0.0,23.495394,9813.5205,4.3333335,124.99977,-0.008331175,0.25883335,0.7380093,-0.70934445,39.300663,-76.62679
2024-05-19 04:00:00,288921.9,53.500298,6.6000896,0.0,23.470816,9908.486,4.1147184,123.23376,-0.08805796,0.15726641,0.7378203,-0.7096597,39.30121,-76.62673
2024-05-19 05:00:00,288702.62,53.265255,6.6666665,0.0,23.49377,9966.725,4.295657,125.24176,-0.17322452,0.110298276,0.7376059,-0.70997936,39.301266,-76.62881
2024-05-19 06:00:00,289165.16,53.5,6.743849,0.0,23.930357,10031.368,4.2885156,124.800545,-0.27319232,0.11173808,0.7374057,-0.71041536,39.301285,-76.62863
2024-05-19 07:00:00,288961.4,53.763992,6.6012735,0.0,23.902658,9952.995,4.373027,124.80603,-0.37199962,0.15484597,0.7372324,-0.71088827,39.30138,-76.62865
2024-05-19 08:00:00,288735.03,53.605297,6.7471347,0.0,23.152294,9882.986,4.3365164,125.520775,-0.4684863,0.24737321,0.73705035,-0.711388,39.3006,-76.62776
2024-05-19 09:00:00,288691.28,53.431725,6.6709795,0.0,23.181551,9970.053,4.3333335,124.05688,-0.5532258,0.33984715,0.7368614,-0.7118721,39.301147,-76.62712
2024-05-19 10:00:00,288352.88,53.002224,6.7034507,0.0,23.169226,9972.605,4.4,125.0,-0.61233383,0.46160862,0.73661745,-0.71232116,39.30063,-76.626785
2024-05-19 11:00:00,288285.4,52.848076,6.7250433,0.0,23.0,9938.031,4.3333335,124.23625,-0.6351886,0.5527087,0.7363938,-0.71275556,39.30111,-76.62698
2024-05-19 12:00:00,288141.53,52.579575,6.8703623,0.0,23.0,10011.948,4.3303423,125.0,-0.64461327,0.6413043,0.7361685,-0.71316814,39.300602,-76.62729
2024-05-19 13:00:00,287983.88,52.73316,6.6055684,0.0,23.0,10087.62,4.4,124.51769,-0.6293841,0.723189,0.7359385,-0.7135861,39.30076,-76.62735
2024-05-19 14:00:00,287719.34,52.268993,6.731027,0.0,23.0,10049.628,4.492302,127.89255,-0.5863224,0.7835733,0.73572606,-0.7139633,39.300644,-76.628365
2024-05-19 15:00:00,287135.53,52.812695,6.5,0.0,23.0,10065.398,4.5413985,127.75562,-0.50006413,0.84308845,0.7354723,-0.714352,39.301163,-76.627396
2024-05-19 16:00:00,286825.9,52.35279,6.66569,0.0,23.0,9862.62,4.5372267,125.29757,-0.40411583,0.88338274,0.73520136,-0.71472013,39.300205,-76.62821
2024-05-19 17:00:00,286306.47,52.557404,6.5939636,0.0,23.0,9703.476,4.5551496,125.91588,-0.2994125,0.89977473,0.73491246,-0.7150261,39.30016,-76.62852
2024-05-19 18:00:00,286241.7,52.12069,6.757361,0.0,23.0,9716.855,4.419549,124.962395,-0.18442194,0.9028306,0.73462373,-0.7152066,39.300987,-76.62748
2024-05-19 19:00:00,285833.47,52.61728,6.4204836,0.0,23.0,9754.664,4.54083,125.16636,-0.08786433,0.8921722,0.73435354,-0.7153865,39.299625,-76.6276
2024-05-19 20:00:00,286288.03,52.350494,6.5,0.0,23.0,9972.312,4.6,125.18034,-0.004005377,0.8649478,0.7340969,-0.7155669,39.30113,-76.62798
2024-05-19 21:00:00,285906.06,52.66519,6.3333335,0.0,23.0,9909.72,4.6256633,125.28647,0.0034070716,0.8033785,0.7338335,-0.71576196,39.299877,-76.6273
2024-05-19 22:00:00,286060.44,52.333332,6.406713,0.0,23.042053,10048.071,4.45047,125.1266,0.005694188,0.7505534,0.7335666,-0.71608835,39.301006,-76.62804
2024-05-19 23:00:00,284828.9,52.82778,6.4800715,0.0,23.0,9950.93,4.5,123.79854,0.006357762,0.66118455,0.73334414,-0.71641487,39.300716,-76.62646
2024-05-20 00:00:00,285065.72,52.739395,6.587521,0.0,23.0,9981.019,4.3592043,125.17716,0.0064054006,0.5653886,0.73315173,-0.71672505,39.30098,-76.627174
2024-05-20 01:00:00,284759.3,52.990196,6.6666665,0.0,23.16139,9928.211,4.5,125.03194,0.0059146406,0.4760016,0.73296016,-0.71706754,39.300224,-76.627625
2024-05-20 02:00:00,284353.22,53.0,6.6006956,0.0,23.614456,9778.133,4.5653844,126.60674,0.0038561956,0.34650683,0.73274624,-0.717328,39.300133,-76.62821
2024-05-20 03:00:00,284035.9,53.0,6.5,0.0,23.590063,9924.923,4.4,126.11738,-0.0014411669,0.25617293,0.73251426,-0.71756744,39.30052,-76.62778
2024-05-20 04:00:00,284186.72,53.333332,6.5390844,0.0,23.463734,10049.968,4.5,129.84627,-0.07051871,0.14844325,0.7323006,-0.71781296,39.30078,-76.627945
2024-05-20 05:00:00,283249.8,53.23017,6.7415013,0.0,23.50327,9906.27,4.5,124.74223,-0.1598433,0.10270058,0.73208433,-0.71805954,39.2999,-76.62872
2024-05-20 06:00:00,283242.03,53.5,6.803643,0.0,23.862051,9796.066,4.515559,128.17764,-0.25299373,0.10166959,0.73184377,-0.71830386,39.300415,-76.62887
2024-05-20 07:00:00,282773.28,53.238792,6.9970984,0.0,23.13421,10010.615,4.5,127.625305,-0.3526467,0.14315851,0.7315802,-0.71854687,39.299816,-76.62791
2024-05-20 08:00:00,282161.75,53.22362,6.9767036,0.0,23.038979,9744.777,4.55294,125.90276,-0.44852167,0.2336725,0.73132646,-0.71880496,39.299625,-76.62994
2024-05-20 09:00:00,281986.1,52.781235,7.0,0.0,23.0,9765.267,4.546304,126.02553,-0.5327687,0.33132777,0.7310728,-0.7190693,39.30067,-76.62918
2024-05-20 10:00:00,282455.72,52.494366,6.7693706,0.0,23.0,9877.094,4.502106,127.28427,-0.59180737,0.44281667,0.7307853,-0.71975267,39.300316,-76.62914
2024-05-20 11:00:00,282052.44,52.767223,6.6666665,0.0,23.0,9753.539,4.462223,126.39434,-0.6203357,0.54649544,0.7304831,-0.7203786,39.30011,-76.62871
2024-05-20 12:00:00,281208.56,52.052166,7.004247,0.0,23.0,9852.034,4.6666665,125.28664,-0.6282772,0.6304421,0.73017746,-0.7210153,39.299305,-76.628914
2024-05-20 13:00:00,281101.8,52.51647,6.999726,0.0,23.0,9928.382,4.5796466,126.25995,-0.61272675,0.71262294,0.72986645,-0.7216589,39.29959,-76.62895
2024-05-20 14:00:00,280721.25,52.0,6.9997044,0.0,23.0,9983.633,4.787166,128.20364,-0.5640344,0.7773348,0.7295913,-0.7220955,39.298645,-76.62892
2024-05-20 15:00:00,280652.6,52.0,7.0,0.0,23.0,9942.85,4.768865,126.71113,-0.4816399,0.83509,0.72931653,-0.7224986,39.29915,-76.627686
2024-05-20 16:00:00,280438.56,52.78575,6.7983847,0.0,23.0,9752.972,4.7366085,127.62321,-0.3850167,0.87765586,0.7290603,-0.7229463,39.299053,-76.62727
2024-05-20 17:00:00,280852.16,52.0,7.0,0.0,23.0,9759.147,4.7111506,125.60094,-0.2795033,0.8952016,0.7287848,-0.72340286,39.299973,-76.62775
2024-05-20 18:00:00,280558.22,52.037228,6.8135695,0.0,23.0,9617.888,4.75,127.66379,-0.16577727,0.89760923,0.7285058,-0.724007,39.299072,-76.6288
2024-05-20 19:00:00,279800.8,51.43191,6.999876,0.0,23.0,9650.871,4.5623965,125.97016,-0.073135376,0.8866683,0.72817796,-0.72464025,39.299248,-76.6267
2024-05-20 20:00:00,280373.06,52.15167,6.8552556,0.0,23.0,9942.655,4.6666665,127.653885,-0.00081701437,0.8580037,0.7278669,-0.7252565,39.299538,-76.62791
2024-05-20 21:00:00,280306.6,51.751602,6.6882477,0.0,23.0,9707.981,4.8333335,127.35607,0.004360637,0.7945834,0.7275835,-0.7258974,39.29886,-76.62907
2024-05-20 22:00:00,280391.53,52.0,6.8047814,0.0,23.0,9733.539,4.6666665,126.756454,0.006144009,0.7375441,0.7272678,-0.7265012,39.29938,-76.6281
2024-05-20 23:00:00,280136.7,51.75709,6.818849,0.0,23.0,9631.249,4.6674395,127.8005,0.0064706258,0.6496867,0.72698635,-0.72712845,39.299053,-76.62775
2024-05-21 00:00:00,279606.47,52.160538,6.8433228,0.0,23.0,9729.133,4.6,126.019005,0.0070533794,0.56042874,0.7267346,-0.72772056,39.29949,-76.62752
2024-05-21 01:00:00,279770.62,52.690937,6.609519,0.0,23.0,9655.085,4.6667223,125.44451,0.0062844995,0.46096924,0.72646934,-0.72837955,39.29888,-76.62813
2024-05-21 02:00:00,279191.1,52.73148,6.5953484,0.0,23.0,9637.189,4.6666665,127.17421,0.004613977,0.3390494,0.7261673,-0.7291651,39.298695,-76.62829
2024-05-21 03:00:00,279577.06,52.920277,7.0,0.0,23.151773,9739.054,4.59733,126.20704,5.7076674e-12,0.23282978,0.72584563,-0.729959,39.29939,-76.62876
2024-05-21 04:00:00,279362.7,52.666668,6.8123164,0.0,23.0,9915.24,4.637916,127.86169,-0.056760054,0.13103506,0.72555137,-0.7307339,39.299145,-76.62873
2024-05-21 05:00:00,279226.94,52.799377,6.9745526,0.0,23.386402,9502.099,4.605979,127.51565,-0.15369542,0.09244522,0.72527355,-0.73148113,39.29871,-76.62801
2024-05-21 06:00:00,279020.7,53.0,6.985033,0.0,23.0,9821.629,4.75,127.386116,-0.23890336,0.09362323,0.7249983,-0.73176116,39.299187,-76.629196
2024-05-21 07:00:00,279143.8,53.201233,7.0535903,0.0,23.0,9606.268,4.6666665,129.15991,-0.34083214,0.13046077,0.7247573,-0.73201984,39.29944,-76.62968
2024-05-21 08:00:00,278514.78,52.928288,7.000753,0.0,23.0,9840.541,4.6715136,129.19736,-0.43416274,0.20305502,0.7245251,-0.73226887,39.29956,-76.62865
2024-05-21 09:00:00,278245.5,53.0,6.984078,0.0,23.0,9631.501,4.75,127.17095,-0.5183336,0.32247996,0.7242781,-0.7325306,39.29896,-76.62942
2024-05-21 10:00:00,278055.9,52.666313,6.9776697,0.0,23.0,9896.055,4.712142,126.62051,-0.5769561,0.42635292,0.72404087,-0.7329204,39.299004,-76.62915
2024-05-21 11:00:00,277968.53,52.811104,6.839905,0.0,23.0,9813.495,4.75,127.753174,-0.6088982,0.53677964,0.72380704,-0.7333611,39.298656,-76.62863
2024-05-21 12:00:00,277673.44,52.30853,6.9495754,0.0,23.0,9751.066,4.6291842,126.66289,-0.6158232,0.6176315,0.7235671,-0.73380893,39.299442,-76.62821
2024-05-21 13:00:00,277673.53,52.0,7.0,0.0,23.0,9516.288,4.7500343,127.51296,-0.5974619,0.70710677,0.7233733,-0.7342635,39.29777,-76.62951
2024-05-21 14:00:00,276589.44,51.97967,7.0,0.0,23.0,9759.765,4.801407,127.244156,-0.55169904,0.7712493,0.7231666,-0.73480624,39.298603,-76.62842
2024-05-21 15:00:00,276960.8,51.957546,7.0,0.0,23.0,9597.424,4.777098,126.123,-0.46632993,0.8239413,0.72294563,-0.7353976,39.298424,-76.629
2024-05-21 16:00:00,276684.38,52.0,7.0,0.0,23.0,9820.013,4.7903457,126.517555,-0.37376505,0.86963475,0.72274995,-0.7359484,39.29879,-76.62878
2024-05-21 17:00:00,276116.75,51.982292,6.9980974,0.0,23.0,9576.049,4.8632927,126.25649,-0.25999388,0.8897221,0.7225142,-0.73654443,39.298477,-76.62881
2024-05-21 18:00:00,276341.5,51.746166,6.654704,0.0,23.0,9716.161,4.802848,127.39238,-0.16121751,0.8927287,0.7222758,-0.73724073,39.298145,-76.62822
2024-05-21 19:00:00,276431.66,51.5,6.839803,0.0,22.999973,9521.473,4.9075255,126.18971,-0.062369604,0.882721,0.7220269,-0.73793006,39.297935,-76.628654
2024-05-21 20:00:00,276040.75,51.834023,6.5,0.0,23.0,9676.612,4.8333335,129.68785,1.3507219e-11,0.84797853,0.72175324,-0.73858285,39.298943,-76.62898
2024-05-21 21:00:00,275967.8,52.13892,6.9860115,0.0,23.0,9706.875,4.799496,127.20178,0.004719115,0.788699,0.72146213,-0.7392856,39.29922,-76.62867
2024-05-21 22:00:00,275094.9,52.0,6.6657476,0.0,23.0,9627.095,4.793906,127.055954,0.0064023766,0.72970366,0.72120327,-0.7401447,39.29888,-76.62709
2024-05-21 23:00:00,275361.66,52.137108,6.834732,0.0,23.0,9694.916,4.8562975,126.35658,0.010451536,0.64238447,0.72093666,-0.74127614,39.298767,-76.62868
2024-05-22 00:00:00,275318.66,52.160328,6.9467893,0.0,23.0,9520.69,4.913696,127.66044,0.010673591,0.55285275,0.720448,-0.7424259,39.298653,-76.62933
2024-05-22 01:00:00,273643.16,52.0,6.7341337,0.0,23.0,9632.087,4.833899,125.58923,0.0064011207,0.4412176,0.7199213,-0.7435566,39.29875,-76.62929
2024-05-22 02:00:00,274930.1,52.26427,7.0002084,0.0,23.0,9528.37,4.75,127.618004,0.0048548575,0.3248978,0.7194522,-0.744672,39.29822,-76.62768
2024-05-22 03:00:00,275125.16,52.71976,6.9960027,0.0,23.0,9554.382,4.8978863,127.34513,0.00048156068,0.20425476,0.7189508,-0.7456537,39.298298,-76.62908
2024-05-22 04:00:00,274954.16,53.0,6.882361,0.0,23.031216,9635.759,4.8573027,129.67255,-0.04979366,0.120064296,0.71841854,-0.7465851,39.298584,-76.62991
2024-05-22 05:00:00,275196.0,52.849194,7.0,0.0,23.145874,9488.918,4.799643,128.9919,-0.14095485,0.08610253,0.71794,-0.74754477,39.29844,-76.63018
2024-05-22 06:00:00,274826.16,52.5,7.0,0.0,23.0,9471.421,4.8535714,129.74538,-0.22940606,0.08566043,0.71760875,-0.74850553,39.29843,-76.62932
2024-05-22 07:00:00,274251.88,52.718197,7.1916203,0.0,23.0,9499.87,4.745932,126.51479,-0.3278412,0.11417824,0.71728003,-0.7490558,39.298904,-76.62949
2024-05-22 08:00:00,274830.94,53.138123,7.270577,0.0,23.019386,9549.078,4.7660847,127.089836,-0.42243427,0.1872726,0.71697307,-0.7494568,39.299046,-76.63013
2024-05-22 09:00:00,274571.44,52.718464,7.0,0.0,23.0,9640.222,4.8274455,128.7368,-0.5008555,0.3129522,0.7166527,-0.74989825,39.298008,-76.62887
2024-05-22 10:00:00,273457.72,52.821583,7.044148,0.0,23.0,9773.138,4.75005,127.6427,-0.5633506,0.41131133,0.71634895,-0.7503356,39.298763,-76.628944
2024-05-22 11:00:00,273548.47,52.0,7.340755,0.0,23.0,9517.197,4.75,125.82923,-0.5985827,0.5280579,0.71605706,-0.75083053,39.298374,-76.62925
2024-05-22 12:00:00,273010.47,52.0,7.147546,0.0,23.0,9625.227,4.8796124,128.10475,-0.6051538,0.6078992,0.7157607,-0.75153464,39.29857,-76.63
2024-05-22 13:00:00,273164.72,52.14142,7.0,0.0,23.0,9683.935,4.857148,127.03271,-0.5863803,0.6984136,0.71544886,-0.75223774,39.298977,-76.62961
2024-05-22 14:00:00,272785.84,52.05096,6.9983706,0.0,23.0,9688.719,4.9185023,127.0934,-0.5358181,0.76739913,0.7151514,-0.75292784,39.2978,-76.62878
2024-05-22 15:00:00,272767.94,52.0,7.0735793,0.0,23.0,9567.314,5.0,127.36358,-0.45050228,0.8184235,0.71483874,-0.75366145,39.297146,-76.629265
2024-05-22 16:00:00,272459.06,51.638195,6.999846,0.0,23.0,9621.369,5.0,126.46427,-0.3609036,0.8660254,0.71451145,-0.75414973,39.29853,-76.62967
2024-05-22 17:00:00,272642.3,51.25,7.0,0.0,22.80792,9740.781,4.9154434,128.17628,-0.25065035,0.88762826,0.7141629,-0.75466007,39.29811,-76.6288
2024-05-22 18:00:00,272704.28,51.601624,7.000126,0.0,23.0,9414.975,5.0,128.80614,-0.15375355,0.8897901,0.71370316,-0.75511986,39.297413,-76.629395
2024-05-22 19:00:00,271549.25,51.5,7.0,0.0,23.0,9564.881,4.9821205,126.90677,-0.05423134,0.87775445,0.71324855,-0.755613,39.29786,-76.62848
2024-05-22 20:00:00,272043.72,51.669094,6.858092,0.0,23.0,9556.195,4.943941,128.30846,0.00078414945,0.8416489,0.7128583,-0.7561478,39.297886,-76.628494
2024-05-22 21:00:00,272108.62,52.30898,6.6629224,0.0,23.0,9553.168,4.964057,127.66986,0.005293294,0.7842852,0.712434,-0.75670385,39.297955,-76.629036
2024-05-22 22:00:00,271853.56,51.82415,6.872508,0.0,23.0,9512.336,4.865255,129.18033,0.0064701433,0.72395283,0.7120095,-0.7572528,39.2981,-76.62861
2024-05-22 23:00:00,271699.4,52.522152,6.755126,0.0,23.0,9632.069,4.999221,129.24245,0.0114035215,0.63642174,0.71166927,-0.7577586,39.297966,-76.62942
2024-05-23 00:00:00,271293.2,51.643482,6.910042,0.0,23.0,9652.638,4.7840333,126.37162,0.017334322,0.5467958,0.7113502,-0.75830036,39.298424,-76.62774
2024-05-23 01:00:00,271043.3,52.464306,6.928787,0.0,23.0,9407.081,4.980932,127.839355,0.0072659757,0.4287977,0.7110292,-0.75886506,39.29772,-76.62952
2024-05-23 02:00:00,271482.3,52.666668,6.841087,0.0,23.298578,9447.977,4.8944716,130.1696,0.0054944754,0.31657058,0.71076816,-0.75942266,39.298336,-76.62957
2024-05-23 03:00:00,270630.6,52.333332,6.952498,0.0,23.0,9581.347,4.9467325,129.02414,0.0013854572,0.18752553,0.710496,-0.75996894,39.2983,-76.62917
2024-05-23 04:00:00,270500.0,52.482716,7.00258,0.0,23.0,9527.395,4.902661,127.058815,-0.042202145,0.10508498,0.7102143,-0.7605329,39.298225,-76.62901
2024-05-23 05:00:00,270253.44,52.666668,7.160662,0.0,23.0,9523.565,4.973323,130.07153,-0.13420007,0.07713574,0.70990944,-0.760922,39.298443,-76.62877
2024-05-23 06:00:00,267624.38,52.595253,7.0,0.0,23.0,9410.418,4.972682,129.36127,-0.2235717,0.07031643,0.70960546,-0.7613375,39.29721,-76.62939
2024-05-23 07:00:00,267518.3,52.67015,7.020772,0.0,23.0,9415.065,4.958482,126.47303,-0.32614854,0.100489795,0.70934665,-0.76173687,39.29822,-76.62919
2024-05-23 08:00:00,269042.06,52.577637,7.0,0.0,23.0,9504.414,5.0,128.9281,-0.4216326,0.16904604,0.7090948,-0.7621305,39.298717,-76.62962
2024-05-23 09:00:00,269923.4,52.48114,6.992541,0.0,23.0,9432.047,5.0,126.58309,-0.5000675,0.29841548,0.7088323,-0.76252127,39.29797,-76.62985
2024-05-23 10:00:00,269635.56,52.0,7.0,0.0,23.0,9587.633,5.0,128.06224,-0.5639287,0.3895271,0.7085566,-0.7629051,39.297916,-76.62936
2024-05-23 11:00:00,268737.84,51.675304,7.4875407,0.0,23.0,9582.239,5.0,127.96407,-0.59696275,0.5075155,0.70832646,-0.7633118,39.29802,-76.63036
2024-05-23 12:00:00,269458.2,51.757835,7.537594,0.0,23.0,9541.21,5.0,128.95328,-0.608275,0.59423965,0.70809203,-0.7637,39.29767,-76.62924
2024-05-23 13:00:00,269117.25,51.5,7.5394015,0.0,22.883099,9413.939,5.0,126.8614,-0.5916045,0.6777815,0.7078678,-0.76429194,39.298134,-76.62819
2024-05-23 14:00:00,268911.0,51.69775,7.199318,0.0,23.0,9379.164,5.0,127.26071,-0.5445393,0.75861806,0.70764524,-0.7649006,39.296677,-76.62908
2024-05-23 15:00:00,269627.28,51.666668,7.204087,0.0,23.0,9467.8545,5.0,127.69753,-0.46183914,0.8102446,0.7074324,-0.7655619,39.297153,-76.628815
2024-05-23 16:00:00,268811.94,51.822807,6.9891877,0.0,23.0,9355.779,5.202416,127.86456,-0.36897945,0.859443,0.70719355,-0.766223,39.29587,-76.629234
2024-05-23 17:00:00,268820.88,51.741432,7.1474466,0.0,22.94588,9379.955,5.061018,129.83763,-0.25706404,0.8819678,0.7069418,-0.766547,39.296913,-76.62921
2024-05-23 18:00:00,269122.5,51.30463,7.0,0.0,22.95033,9384.478,5.0,129.00388,-0.15838565,0.8861057,0.7065249,-0.7668531,39.297455,-76.62876
2024-05-23 19:00:00,268931.78,51.440296,7.118398,0.0,23.0,9378.953,5.0,127.268295,-0.05961719,0.8715324,0.7061032,-0.76714665,39.297558,-76.629166
2024-05-23 20:00:00,268749.75,52.0,7.0,0.0,23.0,9483.148,5.0,127.47955,0.00024572818,0.83269817,0.70570207,-0.7675506,39.29753,-76.62777
2024-05-23 21:00:00,269375.56,51.897816,6.988684,0.0,23.0,9398.278,5.0,128.09378,0.0049495595,0.77979916,0.70527995,-0.7683417,39.297493,-76.62902
2024-05-23 22:00:00,269488.28,51.666668,7.0,0.0,23.0,9285.035,5.1429906,127.5853,0.006447269,0.7160534,0.7048694,-0.76912355,39.29728,-76.62917
2024-05-23 23:00:00,269271.7,52.0,7.0681386,0.0,23.0,9509.689,5.177641,127.52495,0.01199337,0.632083,0.70443547,-0.7699248,39.297394,-76.631355
2024-05-24 00:00:00,269096.88,51.72729,7.1816854,0.0,23.0,9413.817,5.0,126.8334,0.015021955,0.5395555,0.7038584,-0.77069545,39.29719,-76.62832
2024-05-24 01:00:00,268935.53,52.223488,7.0007014,0.0,23.0,9468.651,5.0,130.33507,0.006467633,0.41684288,0.70326793,-0.7711454,39.297573,-76.628975
2024-05-24 02:00:00,268801.16,52.64378,6.9778996,0.0,23.0,9435.557,5.0,127.534294,0.005469908,0.31060475,0.7027107,-0.771599,39.298454,-76.62968
2024-05-24 03:00:00,268863.16,52.302544,7.0461435,0.0,23.0,9488.301,5.0,129.20692,0.0018084733,0.17936778,0.70217407,-0.77205044,39.298122,-76.62948
2024-05-24 04:00:00,268653.03,52.969173,7.0675106,0.0,23.336462,9329.889,5.0,129.9429,-0.036997065,0.09874403,0.7016365,-0.77249235,39.297737,-76.63013
2024-05-24 05:00:00,268614.7,52.70451,7.058618,0.0,23.15118,9385.245,5.011699,129.66637,-0.12750743,0.07033294,0.7012155,-0.77296364,39.29776,-76.630455
2024-05-24 06:00:00,268217.34,52.333332,7.006793,0.0,23.0,9132.488,5.0,128.2533,-0.21542552,0.06506717,0.7009843,-0.77345467,39.297356,-76.630165
2024-05-24 07:00:00,268049.72,52.333332,7.0,0.0,23.0,9159.136,5.0,128.12636,-0.31973168,0.09250645,0.70075494,-0.77393633,39.296913,-76.63039
2024-05-24 08:00:00,268139.88,52.45691,7.3734436,0.0,23.0,9395.969,5.0,128.246,-0.4151179,0.16345751,0.7005566,-0.7743945,39.297672,-76.6311
2024-05-24 09:00:00,267489.2,52.0,7.665366,0.0,23.0,9520.281,5.0,127.931465,-0.49629557,0.28729102,0.7003305,-0.7750585,39.298176,-76.62916
2024-05-24 10:00:00,267759.03,52.25031,7.9057627,0.0,23.0,9440.939,5.1051006,126.32474,-0.5570563,0.3829313,0.70009214,-0.77577084,39.296623,-76.630844
2024-05-24 11:00:00,268092.03,52.42387,7.519266,0.0,23.0,9385.132,5.0,127.96526,-0.5907549,0.50250417,0.6998709,-0.7765159,39.2979,-76.629005
2024-05-24 12:00:00,267960.47,52.22381,7.499465,0.0,23.0,9156.251,5.099144,130.1738,-0.6025595,0.58842254,0.69948846,-0.77724564,39.29822,-76.63011
2024-05-24 13:00:00,267496.06,51.830875,7.498774,0.0,22.897154,9320.669,5.0,127.62391,-0.579763,0.67404664,0.6990364,-0.77745736,39.29768,-76.62885
2024-05-24 14:00:00,267258.94,51.484287,7.5,0.0,22.925356,9097.199,5.284762,128.41673,-0.5319302,0.7568553,0.69852465,-0.77763665,39.296627,-76.62986
2024-05-24 15:00:00,266959.12,51.438286,7.2314587,0.0,23.0,9457.118,5.25762,129.95598,-0.45341194,0.8033643,0.69801325,-0.77782536,39.297264,-76.62991
2024-05-24 16:00:00,266990.2,51.596462,7.1003613,0.0,22.944185,9490.964,5.1271257,131.70102,-0.36373678,0.8544536,0.6975003,-0.7780065,39.297382,-76.63052
2024-05-24 17:00:00,266672.12,51.514305,7.0,0.0,22.893055,9203.783,5.25,129.95932,-0.2553282,0.8757966,0.69697684,-0.7783615,39.29662,-76.62952
2024-05-24 18:00:00,266776.22,51.512497,7.0197167,0.0,22.897942,9373.128,5.3333335,127.84886,-0.15599316,0.88249433,0.69661987,-0.7787368,39.29695,-76.63012
2024-05-24 19:00:00,266535.1,51.958496,7.206161,0.0,23.0,9373.42,5.2953715,129.05725,-0.056125764,0.8660254,0.6962708,-0.77914816,39.296844,-76.63033
2024-05-24 20:00:00,266210.62,51.666668,6.99987,0.0,23.0,9199.392,5.199387,128.47568,0.00023958884,0.82764584,0.6959661,-0.77954674,39.29701,-76.62919
2024-05-24 21:00:00,265388.4,51.68166,6.9873295,0.0,23.0,9390.207,5.25,129.18729,0.0050415425,0.7760002,0.6956444,-0.7801635,39.296947,-76.62797
2024-05-24 22:00:00,265859.72,51.44175,7.0,0.0,23.0,9302.909,5.25,128.15306,0.0064403466,0.7078908,0.6952993,-0.78094137,39.297043,-76.628174
2024-05-24 23:00:00,264861.6,51.31976,6.9998875,0.0,23.0,9383.022,5.0,130.07028,0.014186988,0.621242,0.6949708,-0.7816834,39.298023,-76.62908
2024-05-25 00:00:00,265160.28,51.209084,7.124385,0.0,23.0,9064.573,5.201674,126.26271,0.016646484,0.5345895,0.69467,-0.78240955,39.296925,-76.62962
2024-05-25 01:00:00,265066.94,52.0,6.997094,0.0,23.0,9509.828,5.160034,129.03264,0.006613545,0.40945497,0.694394,-0.7829679,39.297245,-76.62919
2024-05-25 02:00:00,265193.03,52.0,7.1692033,0.0,23.0,9349.401,5.0,129.4491,0.005358525,0.30004823,0.69408506,-0.78335035,39.297035,-76.62839
2024-05-25 03:00:00,264622.3,52.0,7.0721874,0.0,23.0,9401.837,5.25,129.68858,0.0014393426,0.164953,0.69376916,-0.7837321,39.29682,-76.6295
2024-05-25 04:00:00,265277.0,52.0621,7.3551936,0.0,23.0,9469.953,5.1656876,131.11635,-0.039153542,0.091039985,0.6934488,-0.7840891,39.296814,-76.62933
2024-05-25 05:00:00,265189.28,52.426323,7.3396826,0.0,23.171232,9102.789,5.2107844,130.64816,-0.13274086,0.05616779,0.6932325,-0.7844593,39.297066,-76.631134
2024-05-25 06:00:00,264793.84,52.333332,7.2065125,0.0,23.069242,9449.096,5.0118876,130.9676,-0.22176202,0.0562079,0.6930752,-0.7849097,39.297886,-76.629715
2024-05-25 07:00:00,264559.97,52.351353,7.2088056,0.0,23.0,9220.675,5.173281,129.53339,-0.32685658,0.08735701,0.69290614,-0.78534967,39.297104,-76.6305
2024-05-25 08:00:00,264043.88,52.364365,7.47806,0.0,23.0,9235.993,5.08925,131.17975,-0.42232168,0.15066932,0.69272494,-0.7858115,39.29774,-76.62995
2024-05-25 09:00:00,264282.34,52.392143,7.339094,0.0,23.0,9090.695,5.2023535,130.21368,-0.5014955,0.27281934,0.6925494,-0.78626716,39.297592,-76.63034
2024-05-25 10:00:00,263827.4,52.2512,7.8239303,0.0,23.0,8869.531,5.213032,130.12868,-0.56570524,0.3724913,0.69236845,-0.7865316,39.29624,-76.63033
2024-05-25 11:00:00,264144.84,51.66616,7.8466783,0.0,23.0,9203.731,5.0971055,129.40825,-0.6022306,0.5,0.6921068,-0.78675586,39.296886,-76.629105
2024-05-25 12:00:00,263906.2,51.27521,7.276991,0.0,23.0,9046.56,5.0987496,128.95401,-0.61289793,0.577403,0.6918407,-0.7869874,39.296482,-76.6293
2024-05-25 13:00:00,263410.47,51.531593,7.2034235,0.0,22.706522,9111.406,5.325372,129.04143,-0.591423,0.66560525,0.69157517,-0.7872142,39.296616,-76.62955
2024-05-25 14:00:00,263403.1,51.5,7.2424326,0.0,22.926928,9152.134,5.2833457,128.5013,-0.5478353,0.7494756,0.6913135,-0.7875239,39.29694,-76.62933
2024-05-25 15:00:00,263137.56,51.666668,7.190018,0.0,23.0,9247.407,5.3333335,130.97139,-0.46365872,0.795341,0.6910436,-0.7880523,39.2971,-76.631035
2024-05-25 16:00:00,263027.44,51.666668,7.339116,0.0,22.999989,9301.824,5.3333335,128.07115,-0.37267533,0.84429747,0.69074535,-0.7885787,39.29649,-76.630356
2024-05-25 17:00:00,262795.22,51.263382,7.0,0.0,23.0,9430.184,5.3854074,129.50273,-0.2588883,0.8695202,0.69042283,-0.7891305,39.296783,-76.63061
2024-05-25 18:00:00,263222.3,51.49418,7.0416136,0.0,23.0,9254.808,5.4799795,129.95866,-0.15861,0.87587684,0.6900503,-0.7896925,39.296253,-76.63203
2024-05-25 19:00:00,263265.72,51.014965,7.5,0.0,23.0,9078.702,5.3333335,128.50291,-0.061724953,0.8622082,0.6897123,-0.7902511,39.29686,-76.628746
2024-05-25 20:00:00,262913.34,51.656322,7.075924,0.0,23.0,9337.423,5.3333335,129.29353,1.2820682e-05,0.81800467,0.68935996,-0.7908173,39.29647,-76.62932
2024-05-25 21:00:00,262481.53,51.0,7.0,0.0,23.0,9125.285,5.286572,128.57286,0.00484498,0.76903325,0.6890978,-0.79140425,39.29628,-76.62958
2024-05-25 22:00:00,263164.7,51.25,7.0,0.0,23.0,9212.466,5.2536054,129.02983,0.0063886903,0.7011568,0.68894166,-0.7919754,39.298046,-76.62942
